estimation_id,region_id,simd_width,global_size,local_size,thread_count,time,speed_up,bounded_by
0,329,8,"(3125,)","(8,)",391,1506.1473195596548,0.033057199289413856,Compute
1,329,8,"(3125, 3260)","(1, 8)",1275000,1506.1383652773106,0.03305739582082343,Compute
2,329,8,"(3125,)","(16,)",391,1506.1473195596548,0.033057199289413856,Compute
3,329,8,"(3125, 3260)","(1, 16)",1275000,1506.1383652773106,0.03305739582082343,Compute
4,329,8,"(3125,)","(32,)",391,1506.1473195596548,0.033057199289413856,Compute
5,329,8,"(3125, 3260)","(1, 32)",1275000,1506.1383652773106,0.03305739582082343,Compute
6,329,8,"(3125,)","(64,)",391,1506.1473195596548,0.033057199289413856,Compute
7,329,8,"(3125, 3260)","(1, 64)",1275000,1506.1383652773106,0.03305739582082343,Compute
8,329,8,"(3125,)","(128,)",391,1506.1473195596548,0.033057199289413856,Compute
9,329,8,"(3125, 3260)","(1, 128)",1275000,1506.1383652773106,0.03305739582082343,Compute
10,329,8,"(3125,)","(256,)",391,1506.2408431647914,0.03305514674352301,Compute
11,329,8,"(3125, 3260)","(1, 256)",1275000,1506.1383949836825,0.033057395168814764,Compute
12,329,8,"(3125, 3260)","(2, 4)",1273845,1506.1383058645674,0.03305739712484084,Compute
13,329,8,"(3125, 3260)","(2, 8)",1273438,1506.1382761581958,0.03305739777684958,Compute
14,329,8,"(3125, 3260)","(2, 16)",1273438,1506.1382761581958,0.03305739777684958,Compute
15,329,8,"(3125, 3260)","(2, 32)",1273438,1506.1382761581958,0.03305739777684958,Compute
16,329,8,"(3125, 3260)","(2, 64)",1273438,1506.1382761581958,0.03305739777684958,Compute
17,329,8,"(3125, 3260)","(2, 128)",1273438,1506.1382761581958,0.03305739777684958,Compute
18,329,8,"(3125, 3260)","(4, 2)",1274660,1506.1383652773106,0.03305739582082343,Compute
19,329,8,"(3125, 3260)","(4, 4)",1273845,1506.1383058645674,0.03305739712484084,Compute
20,329,8,"(3125, 3260)","(4, 8)",1273438,1506.1382761581958,0.03305739777684958,Compute
21,329,8,"(3125, 3260)","(4, 16)",1273438,1506.1382761581958,0.03305739777684958,Compute
22,329,8,"(3125, 3260)","(4, 32)",1273438,1506.1382761581958,0.03305739777684958,Compute
23,329,8,"(3125, 3260)","(4, 64)",1273438,1506.1382761581958,0.03305739777684958,Compute
24,329,8,"(3125, 3260)","(8, 1)",1274660,1506.1383652773106,0.03305739582082343,Compute
25,329,8,"(3125, 3260)","(8, 2)",1274660,1506.1383652773106,0.03305739582082343,Compute
26,329,8,"(3125, 3260)","(8, 4)",1273845,1506.1383058645674,0.03305739712484084,Compute
27,329,8,"(3125, 3260)","(8, 8)",1273438,1506.1382761581958,0.03305739777684958,Compute
28,329,8,"(3125, 3260)","(8, 16)",1273438,1506.1382761581958,0.03305739777684958,Compute
29,329,8,"(3125, 3260)","(8, 32)",1273438,1506.1382761581958,0.03305739777684958,Compute
30,329,8,"(3125, 3260)","(16, 1)",1274660,1506.1383652773106,0.03305739582082343,Compute
31,329,8,"(3125, 3260)","(16, 2)",1274660,1506.1383652773106,0.03305739582082343,Compute
32,329,8,"(3125, 3260)","(16, 4)",1273845,1506.1383058645674,0.03305739712484084,Compute
33,329,8,"(3125, 3260)","(16, 8)",1273438,1506.1382761581958,0.03305739777684958,Compute
34,329,8,"(3125, 3260)","(16, 16)",1273438,1506.1382761581958,0.03305739777684958,Compute
35,329,8,"(3125, 3260)","(32, 1)",1274660,1506.1383652773106,0.03305739582082343,Compute
36,329,8,"(3125, 3260)","(32, 2)",1274660,1506.1383652773106,0.03305739582082343,Compute
37,329,8,"(3125, 3260)","(32, 4)",1273845,1506.1383058645674,0.03305739712484084,Compute
38,329,8,"(3125, 3260)","(32, 8)",1273438,1506.1382761581958,0.03305739777684958,Compute
39,329,8,"(3125, 3260)","(64, 1)",1274660,1506.1383652773106,0.03305739582082343,Compute
40,329,8,"(3125, 3260)","(64, 2)",1274660,1506.1383652773106,0.03305739582082343,Compute
41,329,8,"(3125, 3260)","(64, 4)",1273845,1506.1383058645674,0.03305739712484084,Compute
42,329,8,"(3125, 3260)","(128, 1)",1274660,1506.1383652773106,0.03305739582082343,Compute
43,329,8,"(3125, 3260)","(128, 2)",1274660,1506.1383652773106,0.03305739582082343,Compute
44,329,8,"(3125, 3260)","(256, 1)",1274660,1506.1383652773106,0.03305739582082343,Compute
45,329,16,"(3125,)","(8,)",391,1506.240815470246,0.03305514735129254,Compute
46,329,16,"(3125, 3260)","(1, 8)",1275000,1506.2229096110125,0.03305554030827894,Compute
47,329,16,"(3125,)","(16,)",196,1506.1606896455835,0.03305690584290573,Compute
48,329,16,"(3125, 3260)","(1, 16)",637500,1506.138362571856,0.033057395880203955,Compute
49,329,16,"(3125,)","(32,)",196,1506.1606896455835,0.03305690584290573,Compute
50,329,16,"(3125, 3260)","(1, 32)",637500,1506.138362571856,0.033057395880203955,Compute
51,329,16,"(3125,)","(64,)",196,1506.1606896455835,0.03305690584290573,Compute
52,329,16,"(3125, 3260)","(1, 64)",637500,1506.138362571856,0.033057395880203955,Compute
53,329,16,"(3125,)","(128,)",196,1506.1606896455835,0.03305690584290573,Compute
54,329,16,"(3125, 3260)","(1, 128)",637500,1506.138362571856,0.033057395880203955,Compute
55,329,16,"(3125,)","(256,)",196,1506.1606896455835,0.03305690584290573,Compute
56,329,16,"(3125, 3260)","(1, 256)",637500,1506.1384219845995,0.033057394576186644,Compute
57,329,16,"(3125, 3260)","(2, 4)",1273845,1506.2227907855258,0.03305554291602109,Compute
58,329,16,"(3125, 3260)","(2, 8)",637704,1506.1384219845995,0.033057394576186644,Compute
59,329,16,"(3125, 3260)","(2, 16)",637500,1506.138362571856,0.033057395880203955,Compute
60,329,16,"(3125, 3260)","(2, 32)",637500,1506.138362571856,0.033057395880203955,Compute
61,329,16,"(3125, 3260)","(2, 64)",637500,1506.138362571856,0.033057395880203955,Compute
62,329,16,"(3125, 3260)","(2, 128)",637500,1506.138362571856,0.033057395880203955,Compute
63,329,16,"(3125, 3260)","(4, 2)",1274660,1506.2229096110125,0.03305554030827894,Compute
64,329,16,"(3125, 3260)","(4, 4)",637330,1506.138362571856,0.033057395880203955,Compute
65,329,16,"(3125, 3260)","(4, 8)",636923,1506.1383031591129,0.03305739718422137,Compute
66,329,16,"(3125, 3260)","(4, 16)",636719,1506.1383031591129,0.03305739718422137,Compute
67,329,16,"(3125, 3260)","(4, 32)",636719,1506.1383031591129,0.03305739718422137,Compute
68,329,16,"(3125, 3260)","(4, 64)",636719,1506.1383031591129,0.03305739718422137,Compute
69,329,16,"(3125, 3260)","(8, 1)",1274660,1506.2229096110125,0.03305554030827894,Compute
70,329,16,"(3125, 3260)","(8, 2)",637330,1506.138362571856,0.033057395880203955,Compute
71,329,16,"(3125, 3260)","(8, 4)",637330,1506.138362571856,0.033057395880203955,Compute
72,329,16,"(3125, 3260)","(8, 8)",636923,1506.1383031591129,0.03305739718422137,Compute
73,329,16,"(3125, 3260)","(8, 16)",636719,1506.1383031591129,0.03305739718422137,Compute
74,329,16,"(3125, 3260)","(8, 32)",636719,1506.1383031591129,0.03305739718422137,Compute
75,329,16,"(3125, 3260)","(16, 1)",638960,1506.1386002228294,0.03305739066413532,Compute
76,329,16,"(3125, 3260)","(16, 2)",637330,1506.138362571856,0.033057395880203955,Compute
77,329,16,"(3125, 3260)","(16, 4)",637330,1506.138362571856,0.033057395880203955,Compute
78,329,16,"(3125, 3260)","(16, 8)",636923,1506.1383031591129,0.03305739718422137,Compute
79,329,16,"(3125, 3260)","(16, 16)",636719,1506.1383031591129,0.03305739718422137,Compute
80,329,16,"(3125, 3260)","(32, 1)",638960,1506.1386002228294,0.03305739066413532,Compute
81,329,16,"(3125, 3260)","(32, 2)",637330,1506.138362571856,0.033057395880203955,Compute
82,329,16,"(3125, 3260)","(32, 4)",637330,1506.138362571856,0.033057395880203955,Compute
83,329,16,"(3125, 3260)","(32, 8)",636923,1506.1383031591129,0.03305739718422137,Compute
84,329,16,"(3125, 3260)","(64, 1)",638960,1506.1386002228294,0.03305739066413532,Compute
85,329,16,"(3125, 3260)","(64, 2)",637330,1506.138362571856,0.033057395880203955,Compute
86,329,16,"(3125, 3260)","(64, 4)",637330,1506.138362571856,0.033057395880203955,Compute
87,329,16,"(3125, 3260)","(128, 1)",638960,1506.1386002228294,0.03305739066413532,Compute
88,329,16,"(3125, 3260)","(128, 2)",637330,1506.138362571856,0.033057395880203955,Compute
89,329,16,"(3125, 3260)","(256, 1)",638960,1506.1386002228294,0.03305739066413532,Compute
90,329,32,"(3125,)","(8,)",391,1506.4278072914285,0.03305104423916678,Compute
91,329,32,"(3125, 3260)","(1, 8)",1275000,1506.3919982784157,0.033051829908019636,Compute
92,329,32,"(3125,)","(16,)",196,1506.2675421148306,0.03305456083319382,Compute
93,329,32,"(3125, 3260)","(1, 16)",637500,1506.222906905558,0.03305554036765279,Compute
94,329,32,"(3125,)","(32,)",98,1506.1606896455835,0.03305690584290573,Compute
95,329,32,"(3125, 3260)","(1, 32)",318750,1506.1384138682358,0.033057394754328194,Compute
96,329,32,"(3125,)","(64,)",98,1506.1606896455835,0.03305690584290573,Compute
97,329,32,"(3125, 3260)","(1, 64)",318750,1506.1384138682358,0.033057394754328194,Compute
98,329,32,"(3125,)","(128,)",98,1506.1606896455835,0.03305690584290573,Compute
99,329,32,"(3125, 3260)","(1, 128)",318750,1506.1384138682358,0.033057394754328194,Compute
100,329,32,"(3125,)","(256,)",98,1506.1606896455835,0.03305690584290573,Compute
101,329,32,"(3125, 3260)","(1, 256)",318750,1506.1384138682358,0.033057394754328194,Compute
102,329,32,"(3125, 3260)","(2, 4)",1273845,1506.3917606274426,0.03305183512233357,Compute
103,329,32,"(3125, 3260)","(2, 8)",637704,1506.2230257310443,0.03305553775991105,Compute
104,329,32,"(3125, 3260)","(2, 16)",318852,1506.1384138682358,0.033057394754328194,Compute
105,329,32,"(3125, 3260)","(2, 32)",318750,1506.1384138682358,0.033057394754328194,Compute
106,329,32,"(3125, 3260)","(2, 64)",318750,1506.1384138682358,0.033057394754328194,Compute
107,329,32,"(3125, 3260)","(2, 128)",318750,1506.1384138682358,0.033057394754328194,Compute
108,329,32,"(3125, 3260)","(4, 2)",1274660,1506.3919982784157,0.033051829908019636,Compute
109,329,32,"(3125, 3260)","(4, 4)",637330,1506.222906905558,0.03305554036765279,Compute
110,329,32,"(3125, 3260)","(4, 8)",319056,1506.1385326937225,0.03305739214629385,Compute
111,329,32,"(3125, 3260)","(4, 16)",318852,1506.1384138682358,0.033057394754328194,Compute
112,329,32,"(3125, 3260)","(4, 32)",318750,1506.1384138682358,0.033057394754328194,Compute
113,329,32,"(3125, 3260)","(4, 64)",318750,1506.1384138682358,0.033057394754328194,Compute
114,329,32,"(3125, 3260)","(8, 1)",1274660,1506.3919982784157,0.033051829908019636,Compute
115,329,32,"(3125, 3260)","(8, 2)",637330,1506.222906905558,0.03305554036765279,Compute
116,329,32,"(3125, 3260)","(8, 4)",318665,1506.1384138682358,0.033057394754328194,Compute
117,329,32,"(3125, 3260)","(8, 8)",318665,1506.1384138682358,0.033057394754328194,Compute
118,329,32,"(3125, 3260)","(8, 16)",318461,1506.1382950427492,0.03305739736236295,Compute
119,329,32,"(3125, 3260)","(8, 32)",318360,1506.1382950427492,0.03305739736236295,Compute
120,329,32,"(3125, 3260)","(16, 1)",638960,1506.223382207504,0.03305552993668827,Compute
121,329,32,"(3125, 3260)","(16, 2)",319480,1506.138651519209,0.03305738953825992,Compute
122,329,32,"(3125, 3260)","(16, 4)",318665,1506.1384138682358,0.033057394754328194,Compute
123,329,32,"(3125, 3260)","(16, 8)",318665,1506.1384138682358,0.033057394754328194,Compute
124,329,32,"(3125, 3260)","(16, 16)",318461,1506.1382950427492,0.03305739736236295,Compute
125,329,32,"(3125, 3260)","(32, 1)",319480,1506.138651519209,0.03305738953825992,Compute
126,329,32,"(3125, 3260)","(32, 2)",319480,1506.138651519209,0.03305738953825992,Compute
127,329,32,"(3125, 3260)","(32, 4)",318665,1506.1384138682358,0.033057394754328194,Compute
128,329,32,"(3125, 3260)","(32, 8)",318665,1506.1384138682358,0.033057394754328194,Compute
129,329,32,"(3125, 3260)","(64, 1)",319480,1506.138651519209,0.03305738953825992,Compute
130,329,32,"(3125, 3260)","(64, 2)",319480,1506.138651519209,0.03305738953825992,Compute
131,329,32,"(3125, 3260)","(64, 4)",318665,1506.1384138682358,0.033057394754328194,Compute
132,329,32,"(3125, 3260)","(128, 1)",319480,1506.138651519209,0.03305738953825992,Compute
133,329,32,"(3125, 3260)","(128, 2)",319480,1506.138651519209,0.03305738953825992,Compute
134,329,32,"(3125, 3260)","(256, 1)",319480,1506.138651519209,0.03305738953825992,Compute
135,329,8,"(3125,)","(8,)",391,1506.1473195596548,0.033057199289413856,Compute
136,329,8,"(3125, 3260)","(1, 8)",1275000,1506.1383652773106,0.03305739582082343,Compute
137,329,8,"(3125,)","(16,)",391,1506.1473195596548,0.033057199289413856,Compute
138,329,8,"(3125, 3260)","(1, 16)",1275000,1506.1383652773106,0.03305739582082343,Compute
139,329,8,"(3125,)","(32,)",391,1506.1473195596548,0.033057199289413856,Compute
140,329,8,"(3125, 3260)","(1, 32)",1275000,1506.1383652773106,0.03305739582082343,Compute
141,329,8,"(3125,)","(64,)",391,1506.1473195596548,0.033057199289413856,Compute
142,329,8,"(3125, 3260)","(1, 64)",1275000,1506.1383652773106,0.03305739582082343,Compute
143,329,8,"(3125,)","(128,)",391,1506.1473195596548,0.033057199289413856,Compute
144,329,8,"(3125, 3260)","(1, 128)",1275000,1506.1383652773106,0.03305739582082343,Compute
145,329,8,"(3125,)","(256,)",391,1506.2408431647914,0.03305514674352301,Compute
146,329,8,"(3125, 3260)","(1, 256)",1275000,1506.1383949836825,0.033057395168814764,Compute
147,329,8,"(3125, 3260)","(2, 4)",1273845,1506.1383058645674,0.03305739712484084,Compute
148,329,8,"(3125, 3260)","(2, 8)",1273438,1506.1382761581958,0.03305739777684958,Compute
149,329,8,"(3125, 3260)","(2, 16)",1273438,1506.1382761581958,0.03305739777684958,Compute
150,329,8,"(3125, 3260)","(2, 32)",1273438,1506.1382761581958,0.03305739777684958,Compute
151,329,8,"(3125, 3260)","(2, 64)",1273438,1506.1382761581958,0.03305739777684958,Compute
152,329,8,"(3125, 3260)","(2, 128)",1273438,1506.1382761581958,0.03305739777684958,Compute
153,329,8,"(3125, 3260)","(4, 2)",1274660,1506.1383652773106,0.03305739582082343,Compute
154,329,8,"(3125, 3260)","(4, 4)",1273845,1506.1383058645674,0.03305739712484084,Compute
155,329,8,"(3125, 3260)","(4, 8)",1273438,1506.1382761581958,0.03305739777684958,Compute
156,329,8,"(3125, 3260)","(4, 16)",1273438,1506.1382761581958,0.03305739777684958,Compute
157,329,8,"(3125, 3260)","(4, 32)",1273438,1506.1382761581958,0.03305739777684958,Compute
158,329,8,"(3125, 3260)","(4, 64)",1273438,1506.1382761581958,0.03305739777684958,Compute
159,329,8,"(3125, 3260)","(8, 1)",1274660,1506.1383652773106,0.03305739582082343,Compute
160,329,8,"(3125, 3260)","(8, 2)",1274660,1506.1383652773106,0.03305739582082343,Compute
161,329,8,"(3125, 3260)","(8, 4)",1273845,1506.1383058645674,0.03305739712484084,Compute
162,329,8,"(3125, 3260)","(8, 8)",1273438,1506.1382761581958,0.03305739777684958,Compute
163,329,8,"(3125, 3260)","(8, 16)",1273438,1506.1382761581958,0.03305739777684958,Compute
164,329,8,"(3125, 3260)","(8, 32)",1273438,1506.1382761581958,0.03305739777684958,Compute
165,329,8,"(3125, 3260)","(16, 1)",1274660,1506.1383652773106,0.03305739582082343,Compute
166,329,8,"(3125, 3260)","(16, 2)",1274660,1506.1383652773106,0.03305739582082343,Compute
167,329,8,"(3125, 3260)","(16, 4)",1273845,1506.1383058645674,0.03305739712484084,Compute
168,329,8,"(3125, 3260)","(16, 8)",1273438,1506.1382761581958,0.03305739777684958,Compute
169,329,8,"(3125, 3260)","(16, 16)",1273438,1506.1382761581958,0.03305739777684958,Compute
170,329,8,"(3125, 3260)","(32, 1)",1274660,1506.1383652773106,0.03305739582082343,Compute
171,329,8,"(3125, 3260)","(32, 2)",1274660,1506.1383652773106,0.03305739582082343,Compute
172,329,8,"(3125, 3260)","(32, 4)",1273845,1506.1383058645674,0.03305739712484084,Compute
173,329,8,"(3125, 3260)","(32, 8)",1273438,1506.1382761581958,0.03305739777684958,Compute
174,329,8,"(3125, 3260)","(64, 1)",1274660,1506.1383652773106,0.03305739582082343,Compute
175,329,8,"(3125, 3260)","(64, 2)",1274660,1506.1383652773106,0.03305739582082343,Compute
176,329,8,"(3125, 3260)","(64, 4)",1273845,1506.1383058645674,0.03305739712484084,Compute
177,329,8,"(3125, 3260)","(128, 1)",1274660,1506.1383652773106,0.03305739582082343,Compute
178,329,8,"(3125, 3260)","(128, 2)",1274660,1506.1383652773106,0.03305739582082343,Compute
179,329,8,"(3125, 3260)","(256, 1)",1274660,1506.1383652773106,0.03305739582082343,Compute
180,329,16,"(3125,)","(8,)",391,1506.240815470246,0.03305514735129254,Compute
181,329,16,"(3125, 3260)","(1, 8)",1275000,1506.2229096110125,0.03305554030827894,Compute
182,329,16,"(3125,)","(16,)",196,1506.1606896455835,0.03305690584290573,Compute
183,329,16,"(3125, 3260)","(1, 16)",637500,1506.138362571856,0.033057395880203955,Compute
184,329,16,"(3125,)","(32,)",196,1506.1606896455835,0.03305690584290573,Compute
185,329,16,"(3125, 3260)","(1, 32)",637500,1506.138362571856,0.033057395880203955,Compute
186,329,16,"(3125,)","(64,)",196,1506.1606896455835,0.03305690584290573,Compute
187,329,16,"(3125, 3260)","(1, 64)",637500,1506.138362571856,0.033057395880203955,Compute
188,329,16,"(3125,)","(128,)",196,1506.1606896455835,0.03305690584290573,Compute
189,329,16,"(3125, 3260)","(1, 128)",637500,1506.138362571856,0.033057395880203955,Compute
190,329,16,"(3125,)","(256,)",196,1506.1606896455835,0.03305690584290573,Compute
191,329,16,"(3125, 3260)","(1, 256)",637500,1506.1384219845995,0.033057394576186644,Compute
192,329,16,"(3125, 3260)","(2, 4)",1273845,1506.2227907855258,0.03305554291602109,Compute
193,329,16,"(3125, 3260)","(2, 8)",637704,1506.1384219845995,0.033057394576186644,Compute
194,329,16,"(3125, 3260)","(2, 16)",637500,1506.138362571856,0.033057395880203955,Compute
195,329,16,"(3125, 3260)","(2, 32)",637500,1506.138362571856,0.033057395880203955,Compute
196,329,16,"(3125, 3260)","(2, 64)",637500,1506.138362571856,0.033057395880203955,Compute
197,329,16,"(3125, 3260)","(2, 128)",637500,1506.138362571856,0.033057395880203955,Compute
198,329,16,"(3125, 3260)","(4, 2)",1274660,1506.2229096110125,0.03305554030827894,Compute
199,329,16,"(3125, 3260)","(4, 4)",637330,1506.138362571856,0.033057395880203955,Compute
200,329,16,"(3125, 3260)","(4, 8)",636923,1506.1383031591129,0.03305739718422137,Compute
201,329,16,"(3125, 3260)","(4, 16)",636719,1506.1383031591129,0.03305739718422137,Compute
202,329,16,"(3125, 3260)","(4, 32)",636719,1506.1383031591129,0.03305739718422137,Compute
203,329,16,"(3125, 3260)","(4, 64)",636719,1506.1383031591129,0.03305739718422137,Compute
204,329,16,"(3125, 3260)","(8, 1)",1274660,1506.2229096110125,0.03305554030827894,Compute
205,329,16,"(3125, 3260)","(8, 2)",637330,1506.138362571856,0.033057395880203955,Compute
206,329,16,"(3125, 3260)","(8, 4)",637330,1506.138362571856,0.033057395880203955,Compute
207,329,16,"(3125, 3260)","(8, 8)",636923,1506.1383031591129,0.03305739718422137,Compute
208,329,16,"(3125, 3260)","(8, 16)",636719,1506.1383031591129,0.03305739718422137,Compute
209,329,16,"(3125, 3260)","(8, 32)",636719,1506.1383031591129,0.03305739718422137,Compute
210,329,16,"(3125, 3260)","(16, 1)",638960,1506.1386002228294,0.03305739066413532,Compute
211,329,16,"(3125, 3260)","(16, 2)",637330,1506.138362571856,0.033057395880203955,Compute
212,329,16,"(3125, 3260)","(16, 4)",637330,1506.138362571856,0.033057395880203955,Compute
213,329,16,"(3125, 3260)","(16, 8)",636923,1506.1383031591129,0.03305739718422137,Compute
214,329,16,"(3125, 3260)","(16, 16)",636719,1506.1383031591129,0.03305739718422137,Compute
215,329,16,"(3125, 3260)","(32, 1)",638960,1506.1386002228294,0.03305739066413532,Compute
216,329,16,"(3125, 3260)","(32, 2)",637330,1506.138362571856,0.033057395880203955,Compute
217,329,16,"(3125, 3260)","(32, 4)",637330,1506.138362571856,0.033057395880203955,Compute
218,329,16,"(3125, 3260)","(32, 8)",636923,1506.1383031591129,0.03305739718422137,Compute
219,329,16,"(3125, 3260)","(64, 1)",638960,1506.1386002228294,0.03305739066413532,Compute
220,329,16,"(3125, 3260)","(64, 2)",637330,1506.138362571856,0.033057395880203955,Compute
221,329,16,"(3125, 3260)","(64, 4)",637330,1506.138362571856,0.033057395880203955,Compute
222,329,16,"(3125, 3260)","(128, 1)",638960,1506.1386002228294,0.03305739066413532,Compute
223,329,16,"(3125, 3260)","(128, 2)",637330,1506.138362571856,0.033057395880203955,Compute
224,329,16,"(3125, 3260)","(256, 1)",638960,1506.1386002228294,0.03305739066413532,Compute
225,329,32,"(3125,)","(8,)",391,1506.4278072914285,0.03305104423916678,Compute
226,329,32,"(3125, 3260)","(1, 8)",1275000,1506.3919982784157,0.033051829908019636,Compute
227,329,32,"(3125,)","(16,)",196,1506.2675421148306,0.03305456083319382,Compute
228,329,32,"(3125, 3260)","(1, 16)",637500,1506.222906905558,0.03305554036765279,Compute
229,329,32,"(3125,)","(32,)",98,1506.1606896455835,0.03305690584290573,Compute
230,329,32,"(3125, 3260)","(1, 32)",318750,1506.1384138682358,0.033057394754328194,Compute
231,329,32,"(3125,)","(64,)",98,1506.1606896455835,0.03305690584290573,Compute
232,329,32,"(3125, 3260)","(1, 64)",318750,1506.1384138682358,0.033057394754328194,Compute
233,329,32,"(3125,)","(128,)",98,1506.1606896455835,0.03305690584290573,Compute
234,329,32,"(3125, 3260)","(1, 128)",318750,1506.1384138682358,0.033057394754328194,Compute
235,329,32,"(3125,)","(256,)",98,1506.1606896455835,0.03305690584290573,Compute
236,329,32,"(3125, 3260)","(1, 256)",318750,1506.1384138682358,0.033057394754328194,Compute
237,329,32,"(3125, 3260)","(2, 4)",1273845,1506.3917606274426,0.03305183512233357,Compute
238,329,32,"(3125, 3260)","(2, 8)",637704,1506.2230257310443,0.03305553775991105,Compute
239,329,32,"(3125, 3260)","(2, 16)",318852,1506.1384138682358,0.033057394754328194,Compute
240,329,32,"(3125, 3260)","(2, 32)",318750,1506.1384138682358,0.033057394754328194,Compute
241,329,32,"(3125, 3260)","(2, 64)",318750,1506.1384138682358,0.033057394754328194,Compute
242,329,32,"(3125, 3260)","(2, 128)",318750,1506.1384138682358,0.033057394754328194,Compute
243,329,32,"(3125, 3260)","(4, 2)",1274660,1506.3919982784157,0.033051829908019636,Compute
244,329,32,"(3125, 3260)","(4, 4)",637330,1506.222906905558,0.03305554036765279,Compute
245,329,32,"(3125, 3260)","(4, 8)",319056,1506.1385326937225,0.03305739214629385,Compute
246,329,32,"(3125, 3260)","(4, 16)",318852,1506.1384138682358,0.033057394754328194,Compute
247,329,32,"(3125, 3260)","(4, 32)",318750,1506.1384138682358,0.033057394754328194,Compute
248,329,32,"(3125, 3260)","(4, 64)",318750,1506.1384138682358,0.033057394754328194,Compute
249,329,32,"(3125, 3260)","(8, 1)",1274660,1506.3919982784157,0.033051829908019636,Compute
250,329,32,"(3125, 3260)","(8, 2)",637330,1506.222906905558,0.03305554036765279,Compute
251,329,32,"(3125, 3260)","(8, 4)",318665,1506.1384138682358,0.033057394754328194,Compute
252,329,32,"(3125, 3260)","(8, 8)",318665,1506.1384138682358,0.033057394754328194,Compute
253,329,32,"(3125, 3260)","(8, 16)",318461,1506.1382950427492,0.03305739736236295,Compute
254,329,32,"(3125, 3260)","(8, 32)",318360,1506.1382950427492,0.03305739736236295,Compute
255,329,32,"(3125, 3260)","(16, 1)",638960,1506.223382207504,0.03305552993668827,Compute
256,329,32,"(3125, 3260)","(16, 2)",319480,1506.138651519209,0.03305738953825992,Compute
257,329,32,"(3125, 3260)","(16, 4)",318665,1506.1384138682358,0.033057394754328194,Compute
258,329,32,"(3125, 3260)","(16, 8)",318665,1506.1384138682358,0.033057394754328194,Compute
259,329,32,"(3125, 3260)","(16, 16)",318461,1506.1382950427492,0.03305739736236295,Compute
260,329,32,"(3125, 3260)","(32, 1)",319480,1506.138651519209,0.03305738953825992,Compute
261,329,32,"(3125, 3260)","(32, 2)",319480,1506.138651519209,0.03305738953825992,Compute
262,329,32,"(3125, 3260)","(32, 4)",318665,1506.1384138682358,0.033057394754328194,Compute
263,329,32,"(3125, 3260)","(32, 8)",318665,1506.1384138682358,0.033057394754328194,Compute
264,329,32,"(3125, 3260)","(64, 1)",319480,1506.138651519209,0.03305738953825992,Compute
265,329,32,"(3125, 3260)","(64, 2)",319480,1506.138651519209,0.03305738953825992,Compute
266,329,32,"(3125, 3260)","(64, 4)",318665,1506.1384138682358,0.033057394754328194,Compute
267,329,32,"(3125, 3260)","(128, 1)",319480,1506.138651519209,0.03305738953825992,Compute
268,329,32,"(3125, 3260)","(128, 2)",319480,1506.138651519209,0.03305738953825992,Compute
269,329,32,"(3125, 3260)","(256, 1)",319480,1506.138651519209,0.03305738953825992,Compute
270,63,8,"(3260,)","(8,)",408,1506.6824470282093,0.03304545838448188,"Launch_Tax, Compute"
271,63,8,"(3260,)","(16,)",408,1506.6824470282093,0.03304545838448188,"Launch_Tax, Compute"
272,63,8,"(3260,)","(32,)",408,1506.6824470282093,0.03304545838448188,"Launch_Tax, Compute"
273,63,8,"(3260,)","(64,)",408,1506.6824470282093,0.03304545838448188,"Launch_Tax, Compute"
274,63,8,"(3260,)","(128,)",408,1506.7720949319003,0.03304349229015305,"Launch_Tax, Compute"
275,63,8,"(3260,)","(256,)",408,1506.7720949319003,0.03304349229015305,"Launch_Tax, Compute"
276,63,16,"(3260,)","(8,)",408,1506.7720949319003,0.03304349229015305,"Launch_Tax, Compute"
277,63,16,"(3260,)","(16,)",204,1506.6952538715936,0.03304517749953915,"Launch_Tax, Compute"
278,63,16,"(3260,)","(32,)",204,1506.6952538715936,0.03304517749953915,"Launch_Tax, Compute"
279,63,16,"(3260,)","(64,)",204,1506.6952538715936,0.03304517749953915,"Launch_Tax, Compute"
280,63,16,"(3260,)","(128,)",204,1506.6952538715936,0.03304517749953915,"Launch_Tax, Compute"
281,63,16,"(3260,)","(256,)",204,1506.6952538715936,0.03304517749953915,"Launch_Tax, Compute"
282,63,32,"(3260,)","(8,)",408,1506.9513907392823,0.03303956080326814,"Launch_Tax, Compute"
283,63,32,"(3260,)","(16,)",204,1506.797708618669,0.0330429305918863,"Launch_Tax, Compute"
284,63,32,"(3260,)","(32,)",102,1506.6952538715936,0.03304517749953915,"Launch_Tax, Compute"
285,63,32,"(3260,)","(64,)",102,1506.6952538715936,0.03304517749953915,"Launch_Tax, Compute"
286,63,32,"(3260,)","(128,)",102,1506.6952538715936,0.03304517749953915,"Launch_Tax, Compute"
287,63,32,"(3260,)","(256,)",102,1506.6952538715936,0.03304517749953915,"Launch_Tax, Compute"
288,63,8,"(3260,)","(8,)",408,1506.6824470282093,0.03304545838448188,"Launch_Tax, Compute"
289,63,8,"(3260,)","(16,)",408,1506.6824470282093,0.03304545838448188,"Launch_Tax, Compute"
290,63,8,"(3260,)","(32,)",408,1506.6824470282093,0.03304545838448188,"Launch_Tax, Compute"
291,63,8,"(3260,)","(64,)",408,1506.6824470282093,0.03304545838448188,"Launch_Tax, Compute"
292,63,8,"(3260,)","(128,)",408,1506.7720949319003,0.03304349229015305,"Launch_Tax, Compute"
293,63,8,"(3260,)","(256,)",408,1506.7720949319003,0.03304349229015305,"Launch_Tax, Compute"
294,63,16,"(3260,)","(8,)",408,1506.7720949319003,0.03304349229015305,"Launch_Tax, Compute"
295,63,16,"(3260,)","(16,)",204,1506.6952538715936,0.03304517749953915,"Launch_Tax, Compute"
296,63,16,"(3260,)","(32,)",204,1506.6952538715936,0.03304517749953915,"Launch_Tax, Compute"
297,63,16,"(3260,)","(64,)",204,1506.6952538715936,0.03304517749953915,"Launch_Tax, Compute"
298,63,16,"(3260,)","(128,)",204,1506.6952538715936,0.03304517749953915,"Launch_Tax, Compute"
299,63,16,"(3260,)","(256,)",204,1506.6952538715936,0.03304517749953915,"Launch_Tax, Compute"
300,63,32,"(3260,)","(8,)",408,1506.9513907392823,0.03303956080326814,"Launch_Tax, Compute"
301,63,32,"(3260,)","(16,)",204,1506.797708618669,0.0330429305918863,"Launch_Tax, Compute"
302,63,32,"(3260,)","(32,)",102,1506.6952538715936,0.03304517749953915,"Launch_Tax, Compute"
303,63,32,"(3260,)","(64,)",102,1506.6952538715936,0.03304517749953915,"Launch_Tax, Compute"
304,63,32,"(3260,)","(128,)",102,1506.6952538715936,0.03304517749953915,"Launch_Tax, Compute"
305,63,32,"(3260,)","(256,)",102,1506.6952538715936,0.03304517749953915,"Launch_Tax, Compute"
306,354,8,"(4,)","(8,)",1,1.6352272727272727e-05,1833.1919482974288,Trip_Count
307,354,8,"(4, 2694)","(1, 8)",1348,6.005454545454546e-06,4991.604627611262,"Launch_Tax, Latencies, Compute"
308,354,8,"(4,)","(16,)",1,1.6352272727272727e-05,1833.1919482974288,Trip_Count
309,354,8,"(4, 2694)","(1, 16)",1348,6.005454545454546e-06,4991.604627611262,"Launch_Tax, Latencies, Compute"
310,354,8,"(4,)","(32,)",1,1.6352272727272727e-05,1833.1919482974288,Trip_Count
311,354,8,"(4, 2694)","(1, 32)",1348,6.005454545454546e-06,4991.604627611262,"Launch_Tax, Latencies, Compute"
312,354,8,"(4,)","(64,)",1,1.6352272727272727e-05,1833.1919482974288,Trip_Count
313,354,8,"(4, 2694)","(1, 64)",1348,6.005454545454546e-06,4991.604627611262,"Launch_Tax, Latencies, Compute"
314,354,8,"(4,)","(128,)",1,1.6352272727272727e-05,1833.1919482974288,Trip_Count
315,354,8,"(4, 2694)","(1, 128)",1348,6.005454545454546e-06,4991.604627611262,"Launch_Tax, Latencies, Compute"
316,354,8,"(4,)","(256,)",1,1.6352272727272727e-05,1833.1919482974288,Trip_Count
317,354,8,"(4, 2694)","(1, 256)",1348,6.005454545454546e-06,4991.604627611262,"Launch_Tax, Latencies, Compute"
318,354,8,"(4, 2694)","(2, 4)",1348,6.005454545454546e-06,4991.604627611262,"Launch_Tax, Latencies, Compute"
319,354,8,"(4, 2694)","(2, 8)",1348,6.005454545454546e-06,4991.604627611262,"Launch_Tax, Latencies, Compute"
320,354,8,"(4, 2694)","(2, 16)",1348,6.005454545454546e-06,4991.604627611262,"Launch_Tax, Latencies, Compute"
321,354,8,"(4, 2694)","(2, 32)",1348,6.005454545454546e-06,4991.604627611262,"Launch_Tax, Latencies, Compute"
322,354,8,"(4, 2694)","(2, 64)",1348,6.005454545454546e-06,4991.604627611262,"Launch_Tax, Latencies, Compute"
323,354,8,"(4, 2694)","(2, 128)",1348,6.005454545454546e-06,4991.604627611262,"Launch_Tax, Latencies, Compute"
324,354,8,"(4, 2694)","(4, 2)",1347,6.005454545454546e-06,4991.604627611262,"Launch_Tax, Latencies, Compute"
325,354,8,"(4, 2694)","(4, 4)",1347,6.005454545454546e-06,4991.604627611262,"Launch_Tax, Latencies, Compute"
326,354,8,"(4, 2694)","(4, 8)",1347,6.005454545454546e-06,4991.604627611262,"Launch_Tax, Latencies, Compute"
327,354,8,"(4, 2694)","(4, 16)",1347,6.005454545454546e-06,4991.604627611262,"Launch_Tax, Latencies, Compute"
328,354,8,"(4, 2694)","(4, 32)",1347,6.005454545454546e-06,4991.604627611262,"Launch_Tax, Latencies, Compute"
329,354,8,"(4, 2694)","(4, 64)",1347,6.005454545454546e-06,4991.604627611262,"Launch_Tax, Latencies, Compute"
330,354,16,"(4,)","(8,)",1,2.6765454545454545e-05,1119.9830232321174,Trip_Count
331,354,16,"(4, 2694)","(1, 8)",1348,6.240909090909091e-06,4803.283345957757,"Launch_Tax, Compute"
332,354,16,"(4,)","(16,)",1,2.6765454545454545e-05,1119.9830232321174,Trip_Count
333,354,16,"(4, 2694)","(1, 16)",676,6.005454545454546e-06,4991.604627611262,"Launch_Tax, Latencies, Compute"
334,354,16,"(4,)","(32,)",1,2.6765454545454545e-05,1119.9830232321174,Trip_Count
335,354,16,"(4, 2694)","(1, 32)",676,6.005454545454546e-06,4991.604627611262,"Launch_Tax, Latencies, Compute"
336,354,16,"(4,)","(64,)",1,2.6765454545454545e-05,1119.9830232321174,Trip_Count
337,354,16,"(4, 2694)","(1, 64)",676,6.005454545454546e-06,4991.604627611262,"Launch_Tax, Latencies, Compute"
338,354,16,"(4,)","(128,)",1,2.6765454545454545e-05,1119.9830232321174,Trip_Count
339,354,16,"(4, 2694)","(1, 128)",676,6.005454545454546e-06,4991.604627611262,"Launch_Tax, Latencies, Compute"
340,354,16,"(4,)","(256,)",1,2.6765454545454545e-05,1119.9830232321174,Trip_Count
341,354,16,"(4, 2694)","(1, 256)",676,6.005454545454546e-06,4991.604627611262,"Launch_Tax, Latencies, Compute"
342,354,16,"(4, 2694)","(2, 4)",1348,6.240909090909091e-06,4803.283345957757,"Launch_Tax, Compute"
343,354,16,"(4, 2694)","(2, 8)",674,6.005454545454546e-06,4991.604627611262,"Launch_Tax, Latencies, Compute"
344,354,16,"(4, 2694)","(2, 16)",674,6.005454545454546e-06,4991.604627611262,"Launch_Tax, Latencies, Compute"
345,354,16,"(4, 2694)","(2, 32)",674,6.005454545454546e-06,4991.604627611262,"Launch_Tax, Latencies, Compute"
346,354,16,"(4, 2694)","(2, 64)",674,6.005454545454546e-06,4991.604627611262,"Launch_Tax, Latencies, Compute"
347,354,16,"(4, 2694)","(2, 128)",674,6.005454545454546e-06,4991.604627611262,"Launch_Tax, Latencies, Compute"
348,354,16,"(4, 2694)","(4, 2)",1347,6.240909090909091e-06,4803.283345957757,"Launch_Tax, Compute"
349,354,16,"(4, 2694)","(4, 4)",674,6.005454545454546e-06,4991.604627611262,"Launch_Tax, Latencies, Compute"
350,354,16,"(4, 2694)","(4, 8)",674,6.005454545454546e-06,4991.604627611262,"Launch_Tax, Latencies, Compute"
351,354,16,"(4, 2694)","(4, 16)",674,6.005454545454546e-06,4991.604627611262,"Launch_Tax, Latencies, Compute"
352,354,16,"(4, 2694)","(4, 32)",674,6.005454545454546e-06,4991.604627611262,"Launch_Tax, Latencies, Compute"
353,354,16,"(4, 2694)","(4, 64)",674,6.005454545454546e-06,4991.604627611262,"Launch_Tax, Latencies, Compute"
354,354,32,"(4,)","(8,)",1,4.759181818181818e-05,629.8741221753166,Trip_Count
355,354,32,"(4, 2694)","(1, 8)",1348,6.711818181818182e-06,4466.279313287281,"Launch_Tax, Compute"
356,354,32,"(4,)","(16,)",1,4.759181818181818e-05,629.8741221753166,Trip_Count
357,354,32,"(4, 2694)","(1, 16)",676,6.240909090909091e-06,4803.283345957757,"Launch_Tax, Compute"
358,354,32,"(4,)","(32,)",1,4.759181818181818e-05,629.8741221753166,Trip_Count
359,354,32,"(4, 2694)","(1, 32)",340,5.971818181818182e-06,5019.719922362612,"Launch_Tax, Latencies, Compute"
360,354,32,"(4,)","(64,)",1,4.759181818181818e-05,629.8741221753166,Trip_Count
361,354,32,"(4, 2694)","(1, 64)",340,5.971818181818182e-06,5019.719922362612,"Launch_Tax, Latencies, Compute"
362,354,32,"(4,)","(128,)",1,4.759181818181818e-05,629.8741221753166,Trip_Count
363,354,32,"(4, 2694)","(1, 128)",340,5.971818181818182e-06,5019.719922362612,"Launch_Tax, Latencies, Compute"
364,354,32,"(4,)","(256,)",1,4.759181818181818e-05,629.8741221753166,Trip_Count
365,354,32,"(4, 2694)","(1, 256)",340,5.971818181818182e-06,5019.719922362612,"Launch_Tax, Latencies, Compute"
366,354,32,"(4, 2694)","(2, 4)",1348,6.711818181818182e-06,4466.279313287281,"Launch_Tax, Compute"
367,354,32,"(4, 2694)","(2, 8)",674,6.240909090909091e-06,4803.283345957757,"Launch_Tax, Compute"
368,354,32,"(4, 2694)","(2, 16)",338,5.971818181818182e-06,5019.719922362612,"Launch_Tax, Latencies, Compute"
369,354,32,"(4, 2694)","(2, 32)",338,5.971818181818182e-06,5019.719922362612,"Launch_Tax, Latencies, Compute"
370,354,32,"(4, 2694)","(2, 64)",338,5.971818181818182e-06,5019.719922362612,"Launch_Tax, Latencies, Compute"
371,354,32,"(4, 2694)","(2, 128)",338,5.971818181818182e-06,5019.719922362612,"Launch_Tax, Latencies, Compute"
372,354,32,"(4, 2694)","(4, 2)",1347,6.711818181818182e-06,4466.279313287281,"Launch_Tax, Compute"
373,354,32,"(4, 2694)","(4, 4)",674,6.240909090909091e-06,4803.283345957757,"Launch_Tax, Compute"
374,354,32,"(4, 2694)","(4, 8)",337,5.971818181818182e-06,5019.719922362612,"Launch_Tax, Latencies, Compute"
375,354,32,"(4, 2694)","(4, 16)",337,5.971818181818182e-06,5019.719922362612,"Launch_Tax, Latencies, Compute"
376,354,32,"(4, 2694)","(4, 32)",337,5.971818181818182e-06,5019.719922362612,"Launch_Tax, Latencies, Compute"
377,354,32,"(4, 2694)","(4, 64)",337,5.971818181818182e-06,5019.719922362612,"Launch_Tax, Latencies, Compute"
378,354,8,"(4,)","(8,)",1,1.6352272727272727e-05,1833.1919482974288,Trip_Count
379,354,8,"(4, 2694)","(1, 8)",1348,6.005454545454546e-06,4991.604627611262,"Launch_Tax, Latencies, Compute"
380,354,8,"(4,)","(16,)",1,1.6352272727272727e-05,1833.1919482974288,Trip_Count
381,354,8,"(4, 2694)","(1, 16)",1348,6.005454545454546e-06,4991.604627611262,"Launch_Tax, Latencies, Compute"
382,354,8,"(4,)","(32,)",1,1.6352272727272727e-05,1833.1919482974288,Trip_Count
383,354,8,"(4, 2694)","(1, 32)",1348,6.005454545454546e-06,4991.604627611262,"Launch_Tax, Latencies, Compute"
384,354,8,"(4,)","(64,)",1,1.6352272727272727e-05,1833.1919482974288,Trip_Count
385,354,8,"(4, 2694)","(1, 64)",1348,6.005454545454546e-06,4991.604627611262,"Launch_Tax, Latencies, Compute"
386,354,8,"(4,)","(128,)",1,1.6352272727272727e-05,1833.1919482974288,Trip_Count
387,354,8,"(4, 2694)","(1, 128)",1348,6.005454545454546e-06,4991.604627611262,"Launch_Tax, Latencies, Compute"
388,354,8,"(4,)","(256,)",1,1.6352272727272727e-05,1833.1919482974288,Trip_Count
389,354,8,"(4, 2694)","(1, 256)",1348,6.005454545454546e-06,4991.604627611262,"Launch_Tax, Latencies, Compute"
390,354,8,"(4, 2694)","(2, 4)",1348,6.005454545454546e-06,4991.604627611262,"Launch_Tax, Latencies, Compute"
391,354,8,"(4, 2694)","(2, 8)",1348,6.005454545454546e-06,4991.604627611262,"Launch_Tax, Latencies, Compute"
392,354,8,"(4, 2694)","(2, 16)",1348,6.005454545454546e-06,4991.604627611262,"Launch_Tax, Latencies, Compute"
393,354,8,"(4, 2694)","(2, 32)",1348,6.005454545454546e-06,4991.604627611262,"Launch_Tax, Latencies, Compute"
394,354,8,"(4, 2694)","(2, 64)",1348,6.005454545454546e-06,4991.604627611262,"Launch_Tax, Latencies, Compute"
395,354,8,"(4, 2694)","(2, 128)",1348,6.005454545454546e-06,4991.604627611262,"Launch_Tax, Latencies, Compute"
396,354,8,"(4, 2694)","(4, 2)",1347,6.005454545454546e-06,4991.604627611262,"Launch_Tax, Latencies, Compute"
397,354,8,"(4, 2694)","(4, 4)",1347,6.005454545454546e-06,4991.604627611262,"Launch_Tax, Latencies, Compute"
398,354,8,"(4, 2694)","(4, 8)",1347,6.005454545454546e-06,4991.604627611262,"Launch_Tax, Latencies, Compute"
399,354,8,"(4, 2694)","(4, 16)",1347,6.005454545454546e-06,4991.604627611262,"Launch_Tax, Latencies, Compute"
400,354,8,"(4, 2694)","(4, 32)",1347,6.005454545454546e-06,4991.604627611262,"Launch_Tax, Latencies, Compute"
401,354,8,"(4, 2694)","(4, 64)",1347,6.005454545454546e-06,4991.604627611262,"Launch_Tax, Latencies, Compute"
402,354,16,"(4,)","(8,)",1,2.6765454545454545e-05,1119.9830232321174,Trip_Count
403,354,16,"(4, 2694)","(1, 8)",1348,6.240909090909091e-06,4803.283345957757,"Launch_Tax, Compute"
404,354,16,"(4,)","(16,)",1,2.6765454545454545e-05,1119.9830232321174,Trip_Count
405,354,16,"(4, 2694)","(1, 16)",676,6.005454545454546e-06,4991.604627611262,"Launch_Tax, Latencies, Compute"
406,354,16,"(4,)","(32,)",1,2.6765454545454545e-05,1119.9830232321174,Trip_Count
407,354,16,"(4, 2694)","(1, 32)",676,6.005454545454546e-06,4991.604627611262,"Launch_Tax, Latencies, Compute"
408,354,16,"(4,)","(64,)",1,2.6765454545454545e-05,1119.9830232321174,Trip_Count
409,354,16,"(4, 2694)","(1, 64)",676,6.005454545454546e-06,4991.604627611262,"Launch_Tax, Latencies, Compute"
410,354,16,"(4,)","(128,)",1,2.6765454545454545e-05,1119.9830232321174,Trip_Count
411,354,16,"(4, 2694)","(1, 128)",676,6.005454545454546e-06,4991.604627611262,"Launch_Tax, Latencies, Compute"
412,354,16,"(4,)","(256,)",1,2.6765454545454545e-05,1119.9830232321174,Trip_Count
413,354,16,"(4, 2694)","(1, 256)",676,6.005454545454546e-06,4991.604627611262,"Launch_Tax, Latencies, Compute"
414,354,16,"(4, 2694)","(2, 4)",1348,6.240909090909091e-06,4803.283345957757,"Launch_Tax, Compute"
415,354,16,"(4, 2694)","(2, 8)",674,6.005454545454546e-06,4991.604627611262,"Launch_Tax, Latencies, Compute"
416,354,16,"(4, 2694)","(2, 16)",674,6.005454545454546e-06,4991.604627611262,"Launch_Tax, Latencies, Compute"
417,354,16,"(4, 2694)","(2, 32)",674,6.005454545454546e-06,4991.604627611262,"Launch_Tax, Latencies, Compute"
418,354,16,"(4, 2694)","(2, 64)",674,6.005454545454546e-06,4991.604627611262,"Launch_Tax, Latencies, Compute"
419,354,16,"(4, 2694)","(2, 128)",674,6.005454545454546e-06,4991.604627611262,"Launch_Tax, Latencies, Compute"
420,354,16,"(4, 2694)","(4, 2)",1347,6.240909090909091e-06,4803.283345957757,"Launch_Tax, Compute"
421,354,16,"(4, 2694)","(4, 4)",674,6.005454545454546e-06,4991.604627611262,"Launch_Tax, Latencies, Compute"
422,354,16,"(4, 2694)","(4, 8)",674,6.005454545454546e-06,4991.604627611262,"Launch_Tax, Latencies, Compute"
423,354,16,"(4, 2694)","(4, 16)",674,6.005454545454546e-06,4991.604627611262,"Launch_Tax, Latencies, Compute"
424,354,16,"(4, 2694)","(4, 32)",674,6.005454545454546e-06,4991.604627611262,"Launch_Tax, Latencies, Compute"
425,354,16,"(4, 2694)","(4, 64)",674,6.005454545454546e-06,4991.604627611262,"Launch_Tax, Latencies, Compute"
426,354,32,"(4,)","(8,)",1,4.759181818181818e-05,629.8741221753166,Trip_Count
427,354,32,"(4, 2694)","(1, 8)",1348,6.711818181818182e-06,4466.279313287281,"Launch_Tax, Compute"
428,354,32,"(4,)","(16,)",1,4.759181818181818e-05,629.8741221753166,Trip_Count
429,354,32,"(4, 2694)","(1, 16)",676,6.240909090909091e-06,4803.283345957757,"Launch_Tax, Compute"
430,354,32,"(4,)","(32,)",1,4.759181818181818e-05,629.8741221753166,Trip_Count
431,354,32,"(4, 2694)","(1, 32)",340,5.971818181818182e-06,5019.719922362612,"Launch_Tax, Latencies, Compute"
432,354,32,"(4,)","(64,)",1,4.759181818181818e-05,629.8741221753166,Trip_Count
433,354,32,"(4, 2694)","(1, 64)",340,5.971818181818182e-06,5019.719922362612,"Launch_Tax, Latencies, Compute"
434,354,32,"(4,)","(128,)",1,4.759181818181818e-05,629.8741221753166,Trip_Count
435,354,32,"(4, 2694)","(1, 128)",340,5.971818181818182e-06,5019.719922362612,"Launch_Tax, Latencies, Compute"
436,354,32,"(4,)","(256,)",1,4.759181818181818e-05,629.8741221753166,Trip_Count
437,354,32,"(4, 2694)","(1, 256)",340,5.971818181818182e-06,5019.719922362612,"Launch_Tax, Latencies, Compute"
438,354,32,"(4, 2694)","(2, 4)",1348,6.711818181818182e-06,4466.279313287281,"Launch_Tax, Compute"
439,354,32,"(4, 2694)","(2, 8)",674,6.240909090909091e-06,4803.283345957757,"Launch_Tax, Compute"
440,354,32,"(4, 2694)","(2, 16)",338,5.971818181818182e-06,5019.719922362612,"Launch_Tax, Latencies, Compute"
441,354,32,"(4, 2694)","(2, 32)",338,5.971818181818182e-06,5019.719922362612,"Launch_Tax, Latencies, Compute"
442,354,32,"(4, 2694)","(2, 64)",338,5.971818181818182e-06,5019.719922362612,"Launch_Tax, Latencies, Compute"
443,354,32,"(4, 2694)","(2, 128)",338,5.971818181818182e-06,5019.719922362612,"Launch_Tax, Latencies, Compute"
444,354,32,"(4, 2694)","(4, 2)",1347,6.711818181818182e-06,4466.279313287281,"Launch_Tax, Compute"
445,354,32,"(4, 2694)","(4, 4)",674,6.240909090909091e-06,4803.283345957757,"Launch_Tax, Compute"
446,354,32,"(4, 2694)","(4, 8)",337,5.971818181818182e-06,5019.719922362612,"Launch_Tax, Latencies, Compute"
447,354,32,"(4, 2694)","(4, 16)",337,5.971818181818182e-06,5019.719922362612,"Launch_Tax, Latencies, Compute"
448,354,32,"(4, 2694)","(4, 32)",337,5.971818181818182e-06,5019.719922362612,"Launch_Tax, Latencies, Compute"
449,354,32,"(4, 2694)","(4, 64)",337,5.971818181818182e-06,5019.719922362612,"Launch_Tax, Latencies, Compute"
450,295,8,"(2694,)","(8,)",337,2.116e-05,1416.6755529300567,"Launch_Tax, Latencies, Compute"
451,295,8,"(2694,)","(16,)",337,2.116e-05,1416.6755529300567,"Launch_Tax, Latencies, Compute"
452,295,8,"(2694,)","(32,)",337,2.116e-05,1416.6755529300567,"Launch_Tax, Latencies, Compute"
453,295,8,"(2694,)","(64,)",337,2.116e-05,1416.6755529300567,"Launch_Tax, Latencies, Compute"
454,295,8,"(2694,)","(128,)",337,2.116e-05,1416.6755529300567,"Launch_Tax, Latencies, Compute"
455,295,8,"(2694,)","(256,)",337,2.1283636363636366e-05,1408.4461032803688,"Launch_Tax, Latencies, Compute"
456,295,16,"(2694,)","(8,)",337,2.1252727272727277e-05,1410.4944892634098,"Launch_Tax, Latencies, Compute"
457,295,16,"(2694,)","(16,)",169,2.116e-05,1416.6755529300567,"Launch_Tax, Latencies, Compute"
458,295,16,"(2694,)","(32,)",169,2.116e-05,1416.6755529300567,"Launch_Tax, Latencies, Compute"
459,295,16,"(2694,)","(64,)",169,2.116e-05,1416.6755529300567,"Launch_Tax, Latencies, Compute"
460,295,16,"(2694,)","(128,)",169,2.116e-05,1416.6755529300567,"Launch_Tax, Latencies, Compute"
461,295,16,"(2694,)","(256,)",169,2.1190909090909094e-05,1414.6091879021876,"Launch_Tax, Latencies, Compute"
462,295,32,"(2694,)","(8,)",337,2.143818181818182e-05,1398.2927728776183,"Launch_Tax, Compute"
463,295,32,"(2694,)","(16,)",169,2.1252727272727277e-05,1410.4944892634098,"Launch_Tax, Latencies, Compute"
464,295,32,"(2694,)","(32,)",85,2.1190909090909094e-05,1414.6091879021876,"Launch_Tax, Latencies, Compute"
465,295,32,"(2694,)","(64,)",85,2.1190909090909094e-05,1414.6091879021876,"Launch_Tax, Latencies, Compute"
466,295,32,"(2694,)","(128,)",85,2.1190909090909094e-05,1414.6091879021876,"Launch_Tax, Latencies, Compute"
467,295,32,"(2694,)","(256,)",85,2.1190909090909094e-05,1414.6091879021876,"Launch_Tax, Latencies, Compute"
468,295,8,"(2694,)","(8,)",337,2.116e-05,1416.6755529300567,"Launch_Tax, Latencies, Compute"
469,295,8,"(2694,)","(16,)",337,2.116e-05,1416.6755529300567,"Launch_Tax, Latencies, Compute"
470,295,8,"(2694,)","(32,)",337,2.116e-05,1416.6755529300567,"Launch_Tax, Latencies, Compute"
471,295,8,"(2694,)","(64,)",337,2.116e-05,1416.6755529300567,"Launch_Tax, Latencies, Compute"
472,295,8,"(2694,)","(128,)",337,2.116e-05,1416.6755529300567,"Launch_Tax, Latencies, Compute"
473,295,8,"(2694,)","(256,)",337,2.1283636363636366e-05,1408.4461032803688,"Launch_Tax, Latencies, Compute"
474,295,16,"(2694,)","(8,)",337,2.1252727272727277e-05,1410.4944892634098,"Launch_Tax, Latencies, Compute"
475,295,16,"(2694,)","(16,)",169,2.116e-05,1416.6755529300567,"Launch_Tax, Latencies, Compute"
476,295,16,"(2694,)","(32,)",169,2.116e-05,1416.6755529300567,"Launch_Tax, Latencies, Compute"
477,295,16,"(2694,)","(64,)",169,2.116e-05,1416.6755529300567,"Launch_Tax, Latencies, Compute"
478,295,16,"(2694,)","(128,)",169,2.116e-05,1416.6755529300567,"Launch_Tax, Latencies, Compute"
479,295,16,"(2694,)","(256,)",169,2.1190909090909094e-05,1414.6091879021876,"Launch_Tax, Latencies, Compute"
480,295,32,"(2694,)","(8,)",337,2.143818181818182e-05,1398.2927728776183,"Launch_Tax, Compute"
481,295,32,"(2694,)","(16,)",169,2.1252727272727277e-05,1410.4944892634098,"Launch_Tax, Latencies, Compute"
482,295,32,"(2694,)","(32,)",85,2.1190909090909094e-05,1414.6091879021876,"Launch_Tax, Latencies, Compute"
483,295,32,"(2694,)","(64,)",85,2.1190909090909094e-05,1414.6091879021876,"Launch_Tax, Latencies, Compute"
484,295,32,"(2694,)","(128,)",85,2.1190909090909094e-05,1414.6091879021876,"Launch_Tax, Latencies, Compute"
485,295,32,"(2694,)","(256,)",85,2.1190909090909094e-05,1414.6091879021876,"Launch_Tax, Latencies, Compute"
